Region,Department_WOF,Arrondissement_WOF,population_2005,population_2010,population_2015,population_2020,population_2025,Village
ADAMAOUA,DJEREM,DIR,3416,2955,3384,3848,4309,1
ADAMAOUA,DJEREM,GALIM-TIGNÃ¨RE,0,0,0,0,0,3
ADAMAOUA,DJEREM,MARTAP,11046,19110,21882,24892,27874,14
ADAMAOUA,DJEREM,NGAOUNDAL,76272,65996,75600,85988,96292,28
ADAMAOUA,DJEREM,TABATI,0,0,0,0,0,98
ADAMAOUA,DJEREM,TIGNÃ¨RE,0,0,0,0,0,6
ADAMAOUA,FARO-ET-DEO,GALIM-TIGNÃ¨RE,0,0,0,0,0,18
ADAMAOUA,FARO-ET-DEO,KONTCHA,4608,3988,4568,5196,5820,4
ADAMAOUA,FARO-ET-DEO,MARTAP,3156,5460,6252,7112,7964,4
ADAMAOUA,FARO-ET-DEO,MAYO-BALÃ©O,0,0,0,0,0,28
ADAMAOUA,FARO-ET-DEO,TIGNÃ¨RE,0,0,0,0,0,22
ADAMAOUA,MAYO-BANYO,BANKIM,98020,84767,97092,110432,123627,29
ADAMAOUA,MAYO-BANYO,BANYO,140302,121319,138990,158055,176997,41
ADAMAOUA,MAYO-BANYO,GALIM-TIGNÃ¨RE,0,0,0,0,0,4
ADAMAOUA,MAYO-BANYO,MAYO-DARLÃ©,0,0,0,0,0,38
ADAMAOUA,MAYO-BANYO,NGAMBÃ©-TIKAR,0,0,0,0,0,4
ADAMAOUA,MAYO-BANYO,TABATI,0,0,0,0,0,2
ADAMAOUA,MBERE,BÃ©LEL,0,0,0,0,0,56
ADAMAOUA,MBERE,BÃ©TARÃ©-OYA,0,0,0,0,0,5
ADAMAOUA,MBERE,DIR,40992,35460,40608,46176,51708,12
ADAMAOUA,MBERE,DJOHONG,31624,27317,31270,35577,40104,59
ADAMAOUA,MBERE,GAROUA-BOULAÃ¯,0,0,0,0,0,9
ADAMAOUA,MBERE,MEIGANGA,132556,114762,131440,149544,167462,62
ADAMAOUA,MBERE,NGAOUI,36153,31269,35814,40734,45606,3
ADAMAOUA,MBERE,NYAMBAKA,11295,19540,22380,25460,28510,5
ADAMAOUA,VINA,BÃ©LEL,0,0,0,0,0,11
ADAMAOUA,VINA,DIR,3416,2955,3384,3848,4309,1
ADAMAOUA,VINA,MARTAP,22881,39585,45327,51562,57739,29
ADAMAOUA,VINA,MBÃ©,0,0,0,0,0,22
ADAMAOUA,VINA,NGAN'HA,0,0,0,0,0,36
ADAMAOUA,VINA,NGAOUNDAL,2724,2357,2700,3071,3439,1
ADAMAOUA,VINA,NGAOUNDÃ©RÃ© I,0,0,0,0,0,18
ADAMAOUA,VINA,NGAOUNDÃ©RÃ© II,0,0,0,0,0,7
ADAMAOUA,VINA,NGAOUNDÃ©RÃ© III,0,0,0,0,0,16
ADAMAOUA,VINA,NYAMBAKA,31626,54712,62664,71288,79828,14
ADAMAOUA,VINA,TCHOLLIRÃ©,0,0,0,0,0,1
CENTRE,HAUTE-SANAGA,AYOS,10440,9126,10602,12276,14022,18
CENTRE,HAUTE-SANAGA,BIBEY,4290,3769,4394,5105,6185,10
CENTRE,HAUTE-SANAGA,DIANG,9144,7992,9300,10764,12324,12
CENTRE,HAUTE-SANAGA,DOUMAINTANG,3495,3060,3555,4115,4705,5
CENTRE,HAUTE-SANAGA,DOUMÃ©,0,0,0,0,0,4
CENTRE,HAUTE-SANAGA,KOBDOMBO,0,0,0,0,0,1
CENTRE,HAUTE-SANAGA,LEMBE YEZOUM,3360,2955,3435,3990,4575,15
CENTRE,HAUTE-SANAGA,MBANDJOCK,4498,4062,4722,5470,6256,2
CENTRE,HAUTE-SANAGA,MBOMA,9775,8850,10275,11900,13897,25
CENTRE,HAUTE-SANAGA,MINTA,17040,14910,17310,20040,22920,30
CENTRE,HAUTE-SANAGA,NANGA-EBOKO,43946,38398,44676,51757,59203,73
CENTRE,HAUTE-SANAGA,NGUELEMENDOUKA,31512,27534,32019,37050,42393,39
CENTRE,HAUTE-SANAGA,NKOTENG,28032,25404,29492,34164,39128,73
CENTRE,HAUTE-SANAGA,NSEM,9219,8085,9387,10878,12453,21
CENTRE,HAUTE-SANAGA,YOKO,1024,902,1055,1231,1610,4
CENTRE,LEKIE,BATCHENGA,0,0,0,0,0,20
CENTRE,LEKIE,BOKITO,6680,5840,6790,7862,8992,2
CENTRE,LEKIE,BOT-MAKAK,4644,8118,9438,10932,12504,2
CENTRE,LEKIE,EBEBDA,31899,27900,32426,37541,42966,31
CENTRE,LEKIE,EDZENDOUAN,4418,3862,4490,5200,5947,1
CENTRE,LEKIE,ELIG-MFOMO,24156,21087,24552,28446,32538,33
CENTRE,LEKIE,EVODOULA,28248,24684,28710,33231,38016,33
CENTRE,LEKIE,LOBO,4563,3978,4635,5373,6138,9
CENTRE,LEKIE,MBANGASSINA,61530,53780,62510,72390,82790,10
CENTRE,LEKIE,MONATÃ©LÃ©,0,0,0,0,0,29
CENTRE,LEKIE,NGUIBASSAL,70000,61184,71136,82368,94208,16
CENTRE,LEKIE,NTUI,34965,30555,35511,41139,47061,21
CENTRE,LEKIE,NYANON,8176,7147,8316,9625,11011,7
CENTRE,LEKIE,OBALA,117900,103068,119844,138780,158796,36
CENTRE,LEKIE,OKALA,0,0,0,0,0,23
CENTRE,LEKIE,OMBESSA,1666,1457,1694,1962,2245,1
CENTRE,LEKIE,SA'A,79506,69468,80766,93534,106974,42
CENTRE,LEKIE,SOA,11424,9984,11600,13440,15376,8
CENTRE,LEKIE,YAOUNDÃ© I,0,0,0,0,0,3
CENTRE,LEKIE,YAOUNDÃ© II,0,0,0,0,0,1
CENTRE,MBAM-ET-INOUBOU,BAFIA,108660,95000,110440,127880,146260,20
CENTRE,MBAM-ET-INOUBOU,BOKITO,53440,46720,54320,62896,71936,16
CENTRE,MBAM-ET-INOUBOU,DEUK,14300,21570,25070,29040,33210,10
CENTRE,MBAM-ET-INOUBOU,KIIKI,12726,22212,25830,29916,34236,18
CENTRE,MBAM-ET-INOUBOU,KON-YAMBETTA,12976,22656,26336,30496,34896,16
CENTRE,MBAM-ET-INOUBOU,MAKENENE,9279,8109,9426,10914,12483,3
CENTRE,MBAM-ET-INOUBOU,NDIKINIMÃ©KI,0,0,0,0,0,7
CENTRE,MBAM-ET-INOUBOU,NDOM,15453,13518,15705,18189,20799,9
CENTRE,MBAM-ET-INOUBOU,NGAMBÃ©,0,0,0,0,0,4
CENTRE,MBAM-ET-INOUBOU,NGORO,10377,9069,10545,12210,13968,3
CENTRE,MBAM-ET-INOUBOU,NITOUKOU,72180,63100,73360,84950,97170,10
CENTRE,MBAM-ET-INOUBOU,NYANON,4672,4084,4752,5500,6292,4
CENTRE,MBAM-ET-INOUBOU,OMBESSA,36652,32054,37268,43164,49390,22
CENTRE,MBAM-ET-KIM,BIBEY,1716,1504,1748,2024,2316,4
CENTRE,MBAM-ET-KIM,NANGA-EBOKO,602,526,612,709,811,1
CENTRE,MBAM-ET-KIM,NGAMBÃ©-TIKAR,0,0,0,0,0,14
CENTRE,MBAM-ET-KIM,NGORO,10377,9069,10545,12210,13968,3
CENTRE,MBAM-ET-KIM,NKOTENG,768,696,808,936,1072,2
CENTRE,MBAM-ET-KIM,NTUI,3330,2910,3382,3918,4482,2
CENTRE,MBAM-ET-KIM,YOKO,17408,15232,17680,20468,23392,68
CENTRE,MEFOU-ET-AFAMBA,AFANLOUM,21384,18672,21696,25152,28800,24
CENTRE,MEFOU-ET-AFAMBA,AWAÃ©,0,0,0,0,0,37
CENTRE,MEFOU-ET-AFAMBA,DZENG,9360,8190,9542,11050,12610,26
CENTRE,MEFOU-ET-AFAMBA,EDZENDOUAN,61852,54068,62860,72800,83258,14
CENTRE,MEFOU-ET-AFAMBA,ENDOM,1260,1520,1764,2040,2332,4
CENTRE,MEFOU-ET-AFAMBA,ESSE,25146,21978,25575,29601,33891,33
CENTRE,MEFOU-ET-AFAMBA,LEMBE YEZOUM,1120,985,1145,1330,1525,5
CENTRE,MEFOU-ET-AFAMBA,MBANDJOCK,26988,24372,28332,32820,37536,12
CENTRE,MEFOU-ET-AFAMBA,MENGANG,4620,4030,4680,5420,6200,10
CENTRE,MEFOU-ET-AFAMBA,NKOLAFAMBA,11316,9890,11500,13340,15272,23
CENTRE,MEFOU-ET-AFAMBA,NKOTENG,768,696,808,936,1072,2
CENTRE,MEFOU-ET-AFAMBA,OLANGUINA,0,0,0,0,0,18
CENTRE,MEFOU-ET-AFAMBA,SOA,22848,19968,23200,26880,30752,16
CENTRE,MEFOU-ET-AKONO,AKONO,11979,10494,12177,14124,16137,33
CENTRE,MEFOU-ET-AKONO,BIKOK,21952,19348,22512,26096,29820,28
CENTRE,MEFOU-ET-AKONO,BIWONG-BANÃ©,0,0,0,0,0,1
CENTRE,MEFOU-ET-AKONO,BONDJOCK,10794,13584,15792,18294,20928,6
CENTRE,MEFOU-ET-AKONO,LOBO,5070,4420,5150,5970,6820,10
CENTRE,MEFOU-ET-AKONO,MAKAK,18654,16302,18954,21948,25098,6
CENTRE,MEFOU-ET-AKONO,MATOMB,6027,5271,6132,7105,8127,7
CENTRE,MEFOU-ET-AKONO,MBALMAYO,3475,3038,3532,4090,4678,1
CENTRE,MEFOU-ET-AKONO,MBANKOMO,20559,17997,20937,24255,27741,21
CENTRE,MEFOU-ET-AKONO,MFOU,5056,4424,5144,5960,6820,4
CENTRE,MEFOU-ET-AKONO,MVENGUE,5892,5148,5988,6932,7928,4
CENTRE,MEFOU-ET-AKONO,NGOMEDZAP,2366,2392,2782,3224,3666,26
CENTRE,MEFOU-ET-AKONO,NGOUMOU,20801,18166,21111,24428,27931,31
CENTRE,MEFOU-ET-AKONO,YAOUNDÃ© III,0,0,0,0,0,4
CENTRE,MFOUNDI,DZENG,1800,1575,1835,2125,2425,5
CENTRE,MFOUNDI,LOBO,5577,4862,5665,6567,7502,11
CENTRE,MFOUNDI,MBANKOMO,9790,8570,9970,11550,13210,10
CENTRE,MFOUNDI,MFOU,41712,36498,42438,49170,56265,33
CENTRE,MFOUNDI,NKOLAFAMBA,10332,9030,10500,12180,13944,21
CENTRE,MFOUNDI,OKALA,0,0,0,0,0,1
CENTRE,MFOUNDI,SOA,11425,10060,11779,13937,18689,7
CENTRE,MFOUNDI,YAOUNDÃ© I,0,0,0,0,0,13
CENTRE,MFOUNDI,YAOUNDÃ© II,0,0,0,0,0,10
CENTRE,MFOUNDI,YAOUNDÃ© III,0,0,0,0,0,24
CENTRE,MFOUNDI,YAOUNDÃ© IV,0,0,0,0,0,21
CENTRE,MFOUNDI,YAOUNDÃ© V,0,0,0,0,0,18
CENTRE,MFOUNDI,YAOUNDÃ© VI,0,0,0,0,0,6
CENTRE,MFOUNDI,YAOUNDÃ© VII,0,0,0,0,0,10
CENTRE,NYONG-ET-KELLE,BIYOUHA,5070,17670,20535,23775,27195,15
CENTRE,NYONG-ET-KELLE,BONDJOCK,1799,2264,2632,3049,3488,1
CENTRE,NYONG-ET-KELLE,BOT-MAKAK,20898,36531,42471,49194,56268,9
CENTRE,NYONG-ET-KELLE,DIBANG,13536,18560,21568,24960,28528,16
CENTRE,NYONG-ET-KELLE,EFOULAN,2420,4236,4928,5712,6532,4
CENTRE,NYONG-ET-KELLE,LOLODORF,14896,13008,15120,17504,20016,16
CENTRE,NYONG-ET-KELLE,MAKAK,24872,21736,25272,29264,33464,8
CENTRE,NYONG-ET-KELLE,MASSOK,0,0,0,0,0,3
CENTRE,NYONG-ET-KELLE,MATOMB,11193,9789,11388,13195,15093,13
CENTRE,NYONG-ET-KELLE,MESSONDO,12914,11275,13101,15169,17358,11
CENTRE,NYONG-ET-KELLE,MVENGUE,19149,16731,19461,22529,25766,13
CENTRE,NYONG-ET-KELLE,NGOG-MAPUBI,0,0,0,0,0,18
CENTRE,NYONG-ET-KELLE,NYANON,5840,5105,5940,6875,7865,5
CENTRE,NYONG-ET-KELLE,POUMA,4026,3522,4095,4743,5424,3
CENTRE,NYONG-ET-KELLE,ÃSÃ©KA,0,0,0,0,0,11
CENTRE,NYONG-ET-MFOUMOU,ABONG-MBANG,3466,3030,3522,4078,4664,2
CENTRE,NYONG-ET-MFOUMOU,AFANLOUM,5346,4668,5424,6288,7200,6
CENTRE,NYONG-ET-MFOUMOU,AKONOLINGA,7137,24949,28975,33611,38430,61
CENTRE,NYONG-ET-MFOUMOU,ANGOSSAS,0,0,0,0,0,32
CENTRE,NYONG-ET-MFOUMOU,ATOK,0,0,0,0,0,45
CENTRE,NYONG-ET-MFOUMOU,AYOS,23780,20787,24149,27962,31939,41
CENTRE,NYONG-ET-MFOUMOU,BENGBIS,14637,12801,14943,17289,19737,51
CENTRE,NYONG-ET-MFOUMOU,DOUMAINTANG,1398,1224,1422,1646,1882,2
CENTRE,NYONG-ET-MFOUMOU,ENDOM,14490,17480,20286,23460,26818,46
CENTRE,NYONG-ET-MFOUMOU,KOBDOMBO,0,0,0,0,0,16
CENTRE,NYONG-ET-MFOUMOU,LEMBE YEZOUM,6272,5516,6412,7448,8540,28
CENTRE,NYONG-ET-MFOUMOU,MBOMA,2346,2124,2466,2856,3270,6
CENTRE,NYONG-ET-MFOUMOU,MENGANG,7392,6448,7488,8672,9920,16
CENTRE,NYONG-ET-MFOUMOU,MESSAMÃ©NA,0,0,0,0,0,55
CENTRE,NYONG-ET-MFOUMOU,MEYOMESSALA,6468,5652,6564,7596,8688,12
CENTRE,NYONG-ET-MFOUMOU,OLANGUINA,0,0,0,0,0,5
CENTRE,NYONG-ET-MFOUMOU,SOMALOMO,1145,1000,1160,1340,1535,5
CENTRE,NYONG-ET-SO,AKONO,726,636,738,856,978,2
CENTRE,NYONG-ET-SO,AKOÃ©MAN,0,0,0,0,0,30
CENTRE,NYONG-ET-SO,BIKOK,2352,2073,2412,2796,3195,3
CENTRE,NYONG-ET-SO,BIWONG-BANÃ©,0,0,0,0,0,1
CENTRE,NYONG-ET-SO,DZENG,2880,2520,2936,3400,3880,8
CENTRE,NYONG-ET-SO,ENDOM,6300,7600,8820,10200,11660,20
CENTRE,NYONG-ET-SO,MBALMAYO,90350,78988,91832,106340,121628,26
CENTRE,NYONG-ET-SO,MENGUEME,8880,9885,11505,13320,15225,15
CENTRE,NYONG-ET-SO,MEYOMESSALA,8085,7065,8205,9495,10860,15
CENTRE,NYONG-ET-SO,MFOU,8848,7742,9002,10430,11935,7
CENTRE,NYONG-ET-SO,NGOMEDZAP,819,828,963,1116,1269,9
CENTRE,NYONG-ET-SO,NGOULÃ©MAKONG,0,0,0,0,0,6
CENTRE,NYONG-ET-SO,NKOL-MÃ©TET,0,0,0,0,0,31
CENTRE,NYONG-ET-SO,SANGMÃ©LIMA,0,0,0,0,0,12
CENTRE,NYONG-ET-SO,ZOÃ©TÃ©LÃ©,0,0,0,0,0,56
EST,BOUMBA-ET-NGOKO,GARI-GOMBO,0,0,0,0,0,21
EST,BOUMBA-ET-NGOKO,MESSOCK,0,0,0,0,0,3
EST,BOUMBA-ET-NGOKO,MOULOUNDOU,0,0,0,0,0,36
EST,BOUMBA-ET-NGOKO,SALAPOUMBÃ©,0,0,0,0,0,21
EST,BOUMBA-ET-NGOKO,YOKADOUMA,95550,82700,94775,107825,120775,25
EST,HAUT-NYONG,ABONG-MBANG,39859,34477,39514,44942,50347,23
EST,HAUT-NYONG,DOUMAINTANG,6990,6060,6950,7910,8870,10
EST,HAUT-NYONG,DOUMÃ©,0,0,0,0,0,6
EST,HAUT-NYONG,LOMIÃ©,0,0,0,0,0,40
EST,HAUT-NYONG,MESSAMÃ©NA,0,0,0,0,0,15
EST,HAUT-NYONG,MESSOCK,0,0,0,0,0,20
EST,HAUT-NYONG,MINDOUROU,0,0,0,0,0,3
EST,HAUT-NYONG,MINTOM,2040,1764,2020,2296,2572,4
EST,HAUT-NYONG,NGOYLA,6624,5724,6570,7470,8352,18
EST,HAUT-NYONG,NGUÃ©LÃ©BOK,0,0,0,0,0,2
EST,HAUT-NYONG,SOMALOMO,3893,3366,3859,4386,4913,17
EST,KADEI,BATOURI,100096,86695,99358,113122,127887,64
EST,KADEI,BERTOUA I,26076,45128,51712,58830,65882,2
EST,KADEI,BERTOUA II,52152,90246,103416,117648,131748,6
EST,KADEI,DIMAKO,19266,16653,19084,21710,24310,13
EST,KADEI,DOUMÃ©,0,0,0,0,0,1
EST,KADEI,GARI-GOMBO,0,0,0,0,0,14
EST,KADEI,KENTZOU,0,0,0,0,0,36
EST,KADEI,KÃ©TTÃ©,0,0,0,0,0,19
EST,KADEI,MBANG,38290,33145,38010,43225,48405,35
EST,KADEI,MESSOCK,0,0,0,0,0,1
EST,KADEI,NDÃ©LÃ©LÃ©,0,0,0,0,0,41
EST,KADEI,NGOURA,18410,15930,18260,20780,23270,10
EST,KADEI,NGUÃ©LÃ©BOK,0,0,0,0,0,23
EST,KADEI,OULI,0,0,0,0,0,7
EST,LOM-ET-DJEREM,BERTOUA I,52152,90256,103424,117660,131764,4
EST,LOM-ET-DJEREM,BERTOUA II,26076,45123,51708,58824,76853,3
EST,LOM-ET-DJEREM,BIBEY,1287,1110,1269,1443,1617,3
EST,LOM-ET-DJEREM,BÃ©LABO,0,0,0,0,0,30
EST,LOM-ET-DJEREM,BÃ©TARÃ©-OYA,0,0,0,0,0,30
EST,LOM-ET-DJEREM,DIANG,14478,12540,14383,16359,18335,19
EST,LOM-ET-DJEREM,DIR,3416,2956,3388,3854,4315,1
EST,LOM-ET-DJEREM,GAROUA-BOULAÃ¯,0,0,0,0,0,8
EST,LOM-ET-DJEREM,MANDJOU,25544,44216,50672,57640,64560,8
EST,LOM-ET-DJEREM,NGOURA,33138,28816,33198,38202,47482,17
EST,LOM-ET-DJEREM,OULI,0,0,0,0,0,11
EXTREME-NORD,DIAMARE,BOGO,131775,116085,135455,157035,179365,60
EXTREME-NORD,DIAMARE,DARGALA,37125,32715,38160,44235,50535,45
EXTREME-NORD,DIAMARE,GAZAWA,26159,23061,26933,31209,35653,34
EXTREME-NORD,DIAMARE,MAGA,45813,40372,47117,54629,62371,17
EXTREME-NORD,DIAMARE,MAROUA I,197190,347535,405585,470160,536760,45
EXTREME-NORD,DIAMARE,MAROUA II,162739,287286,336898,392588,467576,34
EXTREME-NORD,DIAMARE,MAROUA III,125075,220352,257136,298076,340262,61
EXTREME-NORD,DIAMARE,MERI,129731,114294,133343,154585,176515,43
EXTREME-NORD,DIAMARE,MINDIF,20410,17990,20990,24340,27800,10
EXTREME-NORD,DIAMARE,NDOUKOULA,5848,5160,6024,6984,7968,8
EXTREME-NORD,DIAMARE,PÃ©TTÃ©,0,0,0,0,0,45
EXTREME-NORD,DIAMARE,SOULÃ¨DÃ©-ROUA,0,0,0,0,0,5
EXTREME-NORD,DIAMARE,TOKOMBÃ©RÃ©,0,0,0,0,0,2
EXTREME-NORD,DIAMARE,ZINA,5664,5004,5844,6780,7740,12
EXTREME-NORD,LOGONE-ET-CHARI,BLANGOUA,75318,66422,77462,89788,102544,62
EXTREME-NORD,LOGONE-ET-CHARI,DARAK,35712,31468,36720,42564,48596,4
EXTREME-NORD,LOGONE-ET-CHARI,FOTOKOL,55100,48450,56525,65455,74670,95
EXTREME-NORD,LOGONE-ET-CHARI,GOULFEY,86900,76630,89428,103806,118500,158
EXTREME-NORD,LOGONE-ET-CHARI,HILÃ© - ALIFA,0,0,0,0,0,60
EXTREME-NORD,LOGONE-ET-CHARI,KOUSSÃ©RI,0,0,0,0,0,90
EXTREME-NORD,LOGONE-ET-CHARI,LOGONE-BIRNI,0,0,0,0,0,77
EXTREME-NORD,LOGONE-ET-CHARI,MAKARY,0,0,0,0,0,134
EXTREME-NORD,LOGONE-ET-CHARI,WAZA,13617,12002,14008,16235,18547,17
EXTREME-NORD,LOGONE-ET-CHARI,ZINA,20768,18348,21428,24860,28380,44
EXTREME-NORD,MAYO-DANAY,BOGO,10542,9287,10837,12563,14348,5
EXTREME-NORD,MAYO-DANAY,DARGALA,550,485,566,657,750,1
EXTREME-NORD,MAYO-DANAY,DATCHÃ©KA,0,0,0,0,0,13
EXTREME-NORD,MAYO-DANAY,GOBO,79375,69925,81600,94575,107975,25
EXTREME-NORD,MAYO-DANAY,GUÃ©MÃ©,0,0,0,0,0,21
EXTREME-NORD,MAYO-DANAY,GUÃ©RÃ©,0,0,0,0,0,26
EXTREME-NORD,MAYO-DANAY,KAI-KAI,82742,72908,85074,98626,112618,22
EXTREME-NORD,MAYO-DANAY,KALFOU,39160,34518,40282,46684,53284,22
EXTREME-NORD,MAYO-DANAY,KAR-HAY,0,0,0,0,0,22
EXTREME-NORD,MAYO-DANAY,MAGA,81345,71688,83665,97005,110751,29
EXTREME-NORD,MAYO-DANAY,MOULVOUDAYE,82806,75221,87801,101750,116143,37
EXTREME-NORD,MAYO-DANAY,TCHATIBALI,23950,21105,24630,28555,32595,5
EXTREME-NORD,MAYO-DANAY,TOULOUM,0,0,0,0,0,25
EXTREME-NORD,MAYO-DANAY,WINA,45878,40432,47194,54712,62468,14
EXTREME-NORD,MAYO-DANAY,YAGOUA,137440,121100,141320,163820,187020,20
EXTREME-NORD,MAYO-DANAY,ZINA,10384,9174,10714,12430,14190,22
EXTREME-NORD,MAYO-KANI,DARGALA,11826,10541,12447,14618,18466,14
EXTREME-NORD,MAYO-KANI,DZIGUILAO,0,0,0,0,0,17
EXTREME-NORD,MAYO-KANI,FIGUIL,4596,4053,4731,5484,6261,3
EXTREME-NORD,MAYO-KANI,GUIDIGUIS,65196,57456,67032,77688,88704,36
EXTREME-NORD,MAYO-KANI,KAÃ©LÃ©,0,0,0,0,0,68
EXTREME-NORD,MAYO-KANI,MAROUA I,4382,7723,9013,10448,11928,1
EXTREME-NORD,MAYO-KANI,MINDIF,55107,48573,56673,65718,75060,27
EXTREME-NORD,MAYO-KANI,MOULVOUDAYE,40284,36594,42714,49500,56502,18
EXTREME-NORD,MAYO-KANI,MOUTOURWA,27690,24390,28470,33000,37680,30
EXTREME-NORD,MAYO-KANI,NDOUKOULA,2193,1935,2259,2619,2988,3
EXTREME-NORD,MAYO-KANI,TCHATIBALI,23950,21105,24630,28555,32595,5
EXTREME-NORD,MAYO-KANI,TOULOUM,0,0,0,0,0,25
EXTREME-NORD,MAYO-SAVA,KOLOFATA,116343,102579,119691,138756,158472,93
EXTREME-NORD,MAYO-SAVA,KOZA,53872,47488,55440,64288,73360,112
EXTREME-NORD,MAYO-SAVA,MAROUA III,4264,7512,8766,10162,11600,2
EXTREME-NORD,MAYO-SAVA,MORA,268603,236644,276174,320193,365552,67
EXTREME-NORD,MAYO-SAVA,MOZOGO,0,0,0,0,0,53
EXTREME-NORD,MAYO-SAVA,PÃ©TTÃ©,0,0,0,0,0,25
EXTREME-NORD,MAYO-SAVA,SOULÃ¨DÃ©-ROUA,0,0,0,0,0,50
EXTREME-NORD,MAYO-SAVA,TOKOMBÃ©RÃ©,0,0,0,0,0,72
EXTREME-NORD,MAYO-SAVA,WAZA,8811,7766,9064,10505,12001,11
EXTREME-NORD,MAYO-SAVA,ZINA,1416,1251,1461,1695,1935,3
EXTREME-NORD,MAYO-TSANAGA,BOURHA,85358,75264,87808,101773,116179,49
EXTREME-NORD,MAYO-TSANAGA,GAZAWA,14763,13015,15200,17613,20121,19
EXTREME-NORD,MAYO-TSANAGA,HINA,46214,40733,47485,55014,62821,72
EXTREME-NORD,MAYO-TSANAGA,KOZA,67340,59360,69300,80360,91700,140
EXTREME-NORD,MAYO-TSANAGA,MOGODÃ©,0,0,0,0,0,69
EXTREME-NORD,MAYO-TSANAGA,MOKOLO,362080,319175,372875,432803,500503,155
EXTREME-NORD,MAYO-TSANAGA,MOZOGO,0,0,0,0,0,3
EXTREME-NORD,MAYO-TSANAGA,NDOUKOULA,37768,33325,38906,45106,51462,52
EXTREME-NORD,MAYO-TSANAGA,SOULÃ¨DÃ©-ROUA,0,0,0,0,0,83
LITTORAL,MOUNGO,BONALÃ©A,0,0,0,0,0,13
LITTORAL,MOUNGO,EBONE,0,0,0,0,0,18
LITTORAL,MOUNGO,KUMBA II,5638,9802,11341,13076,14898,1
LITTORAL,MOUNGO,LOUM,57288,54880,63476,73192,83412,28
LITTORAL,MOUNGO,MANJO,43824,38088,44088,50832,57912,24
LITTORAL,MOUNGO,MBANGA,19355,16825,19470,22450,25575,5
LITTORAL,MOUNGO,MOMBO,5508,4800,5556,6408,7308,12
LITTORAL,MOUNGO,NKONGSAMBA II,12336,21450,24818,28616,32606,2
LITTORAL,MOUNGO,NKONGSAMBA III,11800,20512,23736,27360,31176,8
LITTORAL,MOUNGO,PENJA,0,0,0,0,0,13
LITTORAL,MOUNGO,TOMBEL,63912,55536,64248,74088,84432,24
LITTORAL,MOUNGO,YABASSI,4191,3652,4224,4862,5544,11
LITTORAL,NKAM,EBONE,0,0,0,0,0,1
LITTORAL,NKAM,LOUM,2046,1960,2267,2614,2979,1
LITTORAL,NKAM,NGAMBÃ©,0,0,0,0,0,4
LITTORAL,NKAM,NKONDJOCK,23436,20376,23571,27180,30969,9
LITTORAL,NKAM,YABASSI,15240,13280,15360,17680,20412,40
LITTORAL,NKAM,YINGUI,3247,2839,3281,3791,4318,17
LITTORAL,SANAGA-MARITIME,DIBAMBA,6560,11412,13202,15212,17331,14
LITTORAL,SANAGA-MARITIME,DIZANGUÃ©,0,0,0,0,0,16
LITTORAL,SANAGA-MARITIME,DOUALA VI,2810,4880,5650,6520,7430,10
LITTORAL,SANAGA-MARITIME,LOKOUNDJÃ©,0,0,0,0,0,3
LITTORAL,SANAGA-MARITIME,MASSOK,0,0,0,0,0,14
LITTORAL,SANAGA-MARITIME,MESSONDO,8218,7147,8274,9541,10871,7
LITTORAL,SANAGA-MARITIME,MOUANKO,13724,11972,13870,15987,18250,73
LITTORAL,SANAGA-MARITIME,NGAMBÃ©,0,0,0,0,0,5
LITTORAL,SANAGA-MARITIME,NGWEI,7240,12580,14560,16780,19100,20
LITTORAL,SANAGA-MARITIME,POUMA,16104,13992,16200,18684,21276,12
LITTORAL,SANAGA-MARITIME,YINGUI,191,167,193,223,254,1
LITTORAL,SANAGA-MARITIME,ÃDÃ©A I,0,0,0,0,0,27
LITTORAL,SANAGA-MARITIME,ÃDÃ©A II,0,0,0,0,0,12
LITTORAL,WOURI,BONALÃ©A,0,0,0,0,0,28
LITTORAL,WOURI,DIBAMBA,1440,2505,2898,3339,3804,3
LITTORAL,WOURI,DIBOMBARI,24912,21660,25052,28870,32898,36
LITTORAL,WOURI,DIZANGUÃ©,0,0,0,0,0,6
LITTORAL,WOURI,DOUALA I,333528,579904,670904,773600,881456,8
LITTORAL,WOURI,DOUALA II,390594,679134,785718,905982,1032300,6
LITTORAL,WOURI,DOUALA III,965756,1679200,1942734,2240092,2552416,16
LITTORAL,WOURI,DOUALA IV,374493,651147,753354,868686,989793,21
LITTORAL,WOURI,DOUALA V,814206,1415683,1637843,1888546,2151869,31
LITTORAL,WOURI,DOUALA VI,5339,9272,10735,12388,14117,19
LITTORAL,WOURI,MBANGA,3871,3365,3894,4490,5115,1
LITTORAL,WOURI,TIKO,70465,61788,71491,82435,93924,13
NORD,BENOUE,BASCHÃ©O,0,0,0,0,0,8
NORD,BENOUE,BIBEMI,14667,12866,14902,17162,19310,123
NORD,BENOUE,DEMBO,4866,4265,4935,5700,6466,14
NORD,BENOUE,GACHIGA,0,0,0,0,0,40
NORD,BENOUE,GAROUA I,179666,315874,369924,430774,532568,32
NORD,BENOUE,GAROUA II,176098,308479,357642,411937,467378,29
NORD,BENOUE,GAROUA III,40708,71264,82598,95156,107942,46
NORD,BENOUE,LAGDO,10034,15370,17806,20474,23258,58
NORD,BENOUE,MAYO-HOURNA,0,0,0,0,0,30
NORD,BENOUE,NGONG,0,0,0,0,0,9
NORD,BENOUE,PITOA,79309,69492,80549,92742,105194,52
NORD,BENOUE,REY-BOUBA,77919,68172,79059,91086,103341,57
NORD,BENOUE,TOUROUA,31244,27408,31764,36604,41540,32
NORD,FARO,BÃ©KA,0,0,0,0,0,45
NORD,FARO,KONTCHA,5760,5045,5850,6735,7640,5
NORD,FARO,LAGDO,11072,16960,19648,22592,25664,64
NORD,FARO,MBÃ©,0,0,0,0,0,30
NORD,FARO,NGONG,0,0,0,0,0,22
NORD,FARO,POLI,56544,49362,57114,65778,74670,114
NORD,FARO,TCHOLLIRÃ©,0,0,0,0,0,3
NORD,FARO,TOUROUA,29551,25926,30044,34626,39295,29
NORD,MAYO-LOUTI,BASCHÃ©O,0,0,0,0,0,91
NORD,MAYO-LOUTI,BIBEMI,5412,4752,5500,6336,7128,44
NORD,MAYO-LOUTI,BOURHA,47033,41316,48163,55855,66828,26
NORD,MAYO-LOUTI,DEMBO,18750,16433,19014,21963,24913,53
NORD,MAYO-LOUTI,FIGUIL,97026,84992,98544,113554,128880,64
NORD,MAYO-LOUTI,GUIDER,333918,292389,339024,390507,444731,132
NORD,MAYO-LOUTI,HINA,19053,16704,19372,22330,25346,29
NORD,MAYO-LOUTI,MAYO-OULO,0,0,0,0,0,121
NORD,MAYO-LOUTI,MOUTOURWA,32305,28315,32830,37800,42875,35
NORD,MAYO-LOUTI,NDOUKOULA,2193,1923,2232,2574,2919,3
NORD,MAYO-LOUTI,PITOA,35305,30935,35857,41285,46828,23
NORD,MAYO-REY,BÃ©LEL,0,0,0,0,0,4
NORD,MAYO-REY,DJOHONG,4824,4230,4905,5661,6417,9
NORD,MAYO-REY,LAGDO,173,265,307,353,401,1
NORD,MAYO-REY,MADINGRING,85680,75040,86968,100128,113568,56
NORD,MAYO-REY,MBÃ©,0,0,0,0,0,1
NORD,MAYO-REY,NGAN'HA,0,0,0,0,0,3
NORD,MAYO-REY,REY-BOUBA,95690,83720,97090,111860,126910,70
NORD,MAYO-REY,TCHOLLIRÃ©,0,0,0,0,0,54
NORD,MAYO-REY,TOUBORO,230575,202055,234255,269790,307345,115
NORD-OUEST,BOYO,BELO,60896,53192,61620,70964,80536,4
NORD-OUEST,BOYO,ELAK,0,0,0,0,0,3
NORD-OUEST,BOYO,FONFUKA,0,0,0,0,0,12
NORD-OUEST,BOYO,FUNDONG,68475,59807,69289,79794,90552,11
NORD-OUEST,BOYO,NJINIKOM,15288,13352,15464,17808,20208,4
NORD-OUEST,BOYO,NKOR,0,0,0,0,0,2
NORD-OUEST,BOYO,WUM,9736,8506,9854,11348,12878,2
NORD-OUEST,BUI,BANKIM,6760,5904,6840,7876,8938,2
NORD-OUEST,BUI,JAKIRI,56204,49096,56876,65496,74336,4
NORD-OUEST,BUI,KUMBO,124731,121485,140736,162072,183939,3
NORD-OUEST,BUI,MAGBA,37584,32844,38052,43824,49752,12
NORD-OUEST,BUI,MBIAME,0,0,0,0,0,1
NORD-OUEST,BUI,NDU,73670,64356,74554,85858,97442,2
NORD-OUEST,BUI,NJIMOM,943,1646,1907,2196,2493,1
NORD-OUEST,BUI,NKOR,0,0,0,0,0,1
NORD-OUEST,BUI,NKUM,65832,115020,133244,153444,174152,4
NORD-OUEST,BUI,NWA,17421,15218,17629,20302,23042,1
NORD-OUEST,DONGA-MANTUNG,AKO,60288,52688,61040,70304,79792,16
NORD-OUEST,DONGA-MANTUNG,FONFUKA,0,0,0,0,0,1
NORD-OUEST,DONGA-MANTUNG,MISAJE,33825,29557,34243,39435,44759,11
NORD-OUEST,DONGA-MANTUNG,NDU,36835,32178,37277,42929,48721,1
NORD-OUEST,DONGA-MANTUNG,NKAMBE,94185,82271,95305,109760,124572,7
NORD-OUEST,DONGA-MANTUNG,NWA,87105,76090,88145,101510,115210,5
NORD-OUEST,MENCHUM,BENAKUMA,0,0,0,0,0,51
NORD-OUEST,MENCHUM,FONFUKA,0,0,0,0,0,4
NORD-OUEST,MENCHUM,FURU-AWA,20904,18264,21156,24372,27660,12
NORD-OUEST,MENCHUM,WUM,38944,34024,39416,45392,51512,8
NORD-OUEST,MENCHUM,ZHOA,0,0,0,0,0,19
NORD-OUEST,MEZAM,BAFUT,55076,48111,55741,64190,72856,7
NORD-OUEST,MEZAM,BALI,27225,23790,27570,31740,36015,15
NORD-OUEST,MEZAM,BAMENDA I,0,0,0,0,0,8
NORD-OUEST,MEZAM,BAMENDA II,0,0,0,0,0,19
NORD-OUEST,MEZAM,BAMENDA III,0,0,0,0,0,6
NORD-OUEST,MEZAM,MBENGWI,15729,13741,15918,18333,20811,7
NORD-OUEST,MEZAM,NJINIKOM,15288,13352,15464,17808,20208,4
NORD-OUEST,MEZAM,SANTA,56389,49283,57086,65756,74630,17
NORD-OUEST,MEZAM,TUBAH,19090,16675,19320,22250,25255,5
NORD-OUEST,MEZAM,WUM,9736,8506,9854,11348,12878,2
NORD-OUEST,MOMO,AKWAYA,69216,60480,70080,80688,92537,48
NORD-OUEST,MOMO,ANDEK,0,0,0,0,0,27
NORD-OUEST,MOMO,BAFUT,31472,27492,31852,36680,41632,4
NORD-OUEST,MOMO,BALI,9075,7930,9190,10580,12005,5
NORD-OUEST,MOMO,BATIBO,51646,45105,52235,60140,68293,31
NORD-OUEST,MOMO,BENAKUMA,0,0,0,0,0,7
NORD-OUEST,MOMO,MBENGWI,31458,27482,31836,36666,41622,14
NORD-OUEST,MOMO,NIJKWA,0,0,0,0,0,46
NORD-OUEST,MOMO,TINTO,0,0,0,0,0,1
NORD-OUEST,MOMO,WIDIKUM-BOFFÃ©,0,0,0,0,0,40
NORD-OUEST,NGO-KETUNJIA,BABESSI,73513,64229,74404,85679,97240,11
NORD-OUEST,NGO-KETUNJIA,BALIKUMBAT,73358,64070,74218,85441,98091,43
NORD-OUEST,NGO-KETUNJIA,BANGOURAIN,29486,25783,29854,34385,39008,23
NORD-OUEST,NGO-KETUNJIA,ELAK,0,0,0,0,0,1
NORD-OUEST,NGO-KETUNJIA,GALIM,5864,5124,5936,6836,7756,4
NORD-OUEST,NGO-KETUNJIA,JAKIRI,14051,12274,14219,16374,18584,1
NORD-OUEST,NGO-KETUNJIA,KOUOPTAMO,18126,15804,18306,21078,23922,18
NORD-OUEST,NGO-KETUNJIA,KOUTABA,1910,1666,1928,2220,2518,2
NORD-OUEST,NGO-KETUNJIA,NDOP,104010,90870,105270,121200,137550,30
NORD-OUEST,NGO-KETUNJIA,TUBAH,53452,46690,54096,62300,70714,14
OUEST,BAMBOUTOS,BABADJOU,52800,45848,52844,60544,68420,44
OUEST,BAMBOUTOS,BAFOUSSAM III,1567,2722,3137,3595,4063,1
OUEST,BAMBOUTOS,BALIKUMBAT,29002,25177,29019,33252,37570,17
OUEST,BAMBOUTOS,BAMENDA I,0,0,0,0,0,2
OUEST,BAMBOUTOS,BATCHAM,84194,73186,84366,96664,109134,86
OUEST,BAMBOUTOS,GALIM,57174,49608,57174,65520,74022,39
OUEST,BAMBOUTOS,MBOUDA,165711,143871,165802,190008,214669,91
OUEST,BAMBOUTOS,PENKA-MICHEL,5964,5178,5964,6840,7734,6
OUEST,BAMBOUTOS,SANTA,33170,28810,33190,38040,42980,10
OUEST,HAUT-NKAM,BAFANG,44564,38714,44616,51129,57772,13
OUEST,HAUT-NKAM,BAKOU,7845,6810,7845,8985,10140,15
OUEST,HAUT-NKAM,BANA,15320,13300,15320,17550,19840,10
OUEST,HAUT-NKAM,BANDJA,20722,17992,20735,23764,26858,13
OUEST,HAUT-NKAM,BANKA,37796,32824,37818,43340,48972,22
OUEST,HAUT-NKAM,BANWA,17475,15180,17490,20040,22650,15
OUEST,HAUT-NKAM,BARÃ©,0,0,0,0,0,16
OUEST,HAUT-NKAM,FOKOUÃ©,0,0,0,0,0,3
OUEST,HAUT-NKAM,KÃ©KEM,0,0,0,0,0,18
OUEST,HAUT-NKAM,MÃ©LONG,0,0,0,0,0,9
OUEST,HAUT-NKAM,NDOBIAN,0,0,0,0,0,14
OUEST,HAUT-NKAM,NKONDJOCK,2604,2261,2606,2987,3374,1
OUEST,HAUT-NKAM,NKONGSAMBA I,78346,136069,156801,179701,203068,1
OUEST,HAUT-NKAM,NKONGSAMBA II,37008,64272,74064,84876,95910,6
OUEST,HAUTS-PLATEAUX,BAFOUSSAM III,10969,19054,21959,25165,28441,7
OUEST,HAUTS-PLATEAUX,BAHAM,23055,20039,23113,26506,29957,29
OUEST,HAUTS-PLATEAUX,BAMENDJOU,51246,44496,51300,58806,66420,54
OUEST,HAUTS-PLATEAUX,BANDJA,22316,19376,22330,25592,28924,14
OUEST,HAUTS-PLATEAUX,BANGOU,23562,20434,23562,26996,30532,34
OUEST,HAUTS-PLATEAUX,BATIÃ©,0,0,0,0,0,17
OUEST,HAUTS-PLATEAUX,BAYANGAM,1071,927,1068,1224,1383,3
OUEST,HAUTS-PLATEAUX,PENKA-MICHEL,15904,13808,15904,18240,20624,16
OUEST,HAUTS-PLATEAUX,PETE-BANDJOUN,0,0,0,0,0,7
OUEST,KOUNG-KHI,BAFOUSSAM I,15072,26176,30164,34568,43946,4
OUEST,KOUNG-KHI,BAHAM,6360,5528,6376,7312,8264,8
OUEST,KOUNG-KHI,BAYANGAM,15708,13596,15664,17952,20284,44
OUEST,KOUNG-KHI,DEMDING,0,0,0,0,0,20
OUEST,KOUNG-KHI,FOUMBOT,26896,23360,26920,30856,34872,8
OUEST,KOUNG-KHI,PETE-BANDJOUN,0,0,0,0,0,37
OUEST,MENOUA,BANDJA,3188,2768,3190,3656,4132,2
OUEST,MENOUA,BATCHAM,40139,34891,40221,46084,52029,41
OUEST,MENOUA,DSCHANG,151455,131445,151455,173535,196098,69
OUEST,MENOUA,FOKOUÃ©,0,0,0,0,0,53
OUEST,MENOUA,FONGO-TONGO,0,0,0,0,0,9
OUEST,MENOUA,MENJI,0,0,0,0,0,8
OUEST,MENOUA,MÃ©LONG,0,0,0,0,0,1
OUEST,MENOUA,NKONG-ZEM,0,0,0,0,0,117
OUEST,MENOUA,PENKA-MICHEL,70574,61273,70574,80940,91519,71
OUEST,MENOUA,SANTCHOU,0,0,0,0,0,20
OUEST,MIFI,BAFOUSSAM I,131880,229040,263935,302470,341810,35
OUEST,MIFI,BAFOUSSAM II,181230,314790,362760,415710,469770,30
OUEST,MIFI,BAFOUSSAM III,109690,190540,219590,251650,286441,70
OUEST,MIFI,FOUMBOT,67240,58400,67300,77140,87180,20
OUEST,MIFI,GALIM,13194,11448,13194,15120,17082,9
OUEST,MIFI,KOUOPTAMO,54715,47492,54772,62812,70964,55
OUEST,MIFI,KOUTABA,5730,4980,5742,6576,7422,6
OUEST,MIFI,MBOUDA,14568,12648,14576,16704,18872,8
OUEST,MIFI,PENKA-MICHEL,4970,4315,4970,5700,6445,5
OUEST,MIFI,PETE-BANDJOUN,0,0,0,0,0,5
OUEST,NDE,BANGANGTÃ©,0,0,0,0,0,36
OUEST,NDE,BASSAMBA,4172,4228,4872,5572,6300,28
OUEST,NDE,BAYANGAM,3213,2781,3204,3672,4149,9
OUEST,NDE,BAZOU,22274,19350,22274,25499,28810,43
OUEST,NDE,FOUMBOT,3362,2920,3365,3857,4359,1
OUEST,NDE,MAKENENE,15465,13425,15475,17735,20040,5
OUEST,NDE,MASSANGAM,15290,13277,15312,17556,19833,11
OUEST,NDE,NDIKINIMÃ©KI,0,0,0,0,0,2
OUEST,NDE,NDOBIAN,0,0,0,0,0,9
OUEST,NDE,TONGA,20214,17556,20226,23178,26196,6
OUEST,NOUN,BANGOURAIN,16666,14495,16705,19149,21632,13
OUEST,NOUN,DEUK,2860,4284,4938,5660,6394,2
OUEST,NOUN,FOUMBAN,158818,137878,158819,181938,206668,104
OUEST,NOUN,FOUMBOT,16810,14600,16825,19285,21795,5
OUEST,NOUN,KOUTABA,65895,57270,66033,75624,85353,69
OUEST,NOUN,MAGBA,15660,13600,15675,17965,20300,5
OUEST,NOUN,MALENTOUEN,67431,58558,67488,77349,87400,19
OUEST,NOUN,MASSANGAM,42626,37016,42688,48943,55292,31
OUEST,NOUN,NGAMBÃ©-TIKAR,0,0,0,0,0,2
OUEST,NOUN,NJIMOM,34891,60569,69819,80031,90428,37
SUD,DJA-ET-LOBO,BENGBIS,4879,4216,4811,5440,6086,17
SUD,DJA-ET-LOBO,DJOUM,26955,23175,26460,29970,33435,45
SUD,DJA-ET-LOBO,MEYOMESSALA,32340,27780,31680,35880,40140,60
SUD,DJA-ET-LOBO,MEYOMESSI,13797,23760,27108,30726,34263,27
SUD,DJA-ET-LOBO,MINTOM,7140,6146,7000,7924,8834,14
SUD,DJA-ET-LOBO,MVANGAN,2364,2526,2880,3264,3648,6
SUD,DJA-ET-LOBO,OVENG,8964,7722,8802,9963,11097,27
SUD,DJA-ET-LOBO,SANGMÃ©LIMA,0,0,0,0,0,11
SUD,DJA-ET-LOBO,SOMALOMO,2290,1970,2240,2530,2820,10
SUD,MVILA,AMBAM,20102,17328,19779,22420,25004,19
SUD,MVILA,BIWONG-BANÃ©,0,0,0,0,0,40
SUD,MVILA,BIWONG-BULU,19264,33152,37800,42840,47824,56
SUD,MVILA,EBOLOWA I,23804,40986,46772,52998,59136,22
SUD,MVILA,EBOLOWA II,70590,121680,138840,157300,175630,65
SUD,MVILA,EFOULAN,3025,5210,5945,6735,7515,5
SUD,MVILA,KYÃ©-OSSI,0,0,0,0,0,8
SUD,MVILA,MENGONG,25748,22181,25297,28659,31980,41
SUD,MVILA,MENGUEME,2368,2592,2956,3352,3744,4
SUD,MVILA,MVANGAN,21670,23155,26400,29920,33440,55
SUD,MVILA,MVENGUE,1473,1269,1448,1641,1831,1
SUD,MVILA,NGOULÃ©MAKONG,0,0,0,0,0,33
SUD,MVILA,SANGMÃ©LIMA,0,0,0,0,0,51
SUD,OCEAN,AKOM II,13140,11320,12900,14620,16320,20
SUD,OCEAN,BIPINDI,21080,18156,20723,23511,26248,17
SUD,OCEAN,CAMPO,10140,8700,9960,11280,12540,60
SUD,OCEAN,EBOLOWA I,1082,1863,2126,2409,2688,1
SUD,OCEAN,EFOULAN,7865,13546,15457,17511,19539,13
SUD,OCEAN,KRIBI I,44640,76890,87690,99390,110940,30
SUD,OCEAN,KRIBI II,60788,104706,119462,135408,151144,14
SUD,OCEAN,LOKOUNDJÃ©,0,0,0,0,0,13
SUD,OCEAN,LOLODORF,6517,5607,6398,7245,8085,7
SUD,OCEAN,MA'AN,2440,2112,2408,2728,3048,8
SUD,OCEAN,NIÃ©TÃ©,0,0,0,0,0,18
SUD,OCEAN,ÃDÃ©A I,0,0,0,0,0,2
SUD,VALLEE-DU-NTEM,AMBAM,41262,35568,40599,46020,51324,39
SUD,VALLEE-DU-NTEM,CAMPO,169,145,166,188,209,1
SUD,VALLEE-DU-NTEM,EBOLOWA I,35706,61479,70158,79497,88704,33
SUD,VALLEE-DU-NTEM,EBOLOWA II,13032,22464,25632,29040,32424,12
SUD,VALLEE-DU-NTEM,KYÃ©-OSSI,0,0,0,0,0,53
SUD,VALLEE-DU-NTEM,MA'AN,16165,13992,15953,18073,20193,53
SUD,VALLEE-DU-NTEM,OLAMZÃ©,0,0,0,0,0,31
SUD-OUEST,FAKO,BAMUSSO,12166,10560,12155,13926,15730,11
SUD-OUEST,FAKO,BUEA,196239,170205,195936,224405,258063,28
SUD-OUEST,FAKO,DIBOMBARI,705,612,704,806,911,1
SUD-OUEST,FAKO,IDENAU,0,0,0,0,0,12
SUD-OUEST,FAKO,LIMBÃ© I,0,0,0,0,0,9
SUD-OUEST,FAKO,LIMBÃ© II,0,0,0,0,0,14
SUD-OUEST,FAKO,LIMBÃ© III,0,0,0,0,0,12
SUD-OUEST,FAKO,MBANGA,6453,5599,6446,7383,8340,2
SUD-OUEST,FAKO,MBONGE,65496,56808,65400,74904,84624,12
SUD-OUEST,FAKO,MUYUKA,128912,111832,128772,147476,166600,28
SUD-OUEST,FAKO,TIKO,105697,92492,106476,121961,137750,19
SUD-OUEST,KUPE-MANENGUBA,BANGEM,31970,27738,31970,36570,41308,46
SUD-OUEST,KUPE-MANENGUBA,KONYE,30602,26532,30558,35002,39534,22
SUD-OUEST,KUPE-MANENGUBA,MAMFE,0,0,0,0,0,3
SUD-OUEST,KUPE-MANENGUBA,MANJO,7304,6336,7292,8352,9432,4
SUD-OUEST,KUPE-MANENGUBA,MENJI,0,0,0,0,0,5
SUD-OUEST,KUPE-MANENGUBA,MÃ©LONG,0,0,0,0,0,21
SUD-OUEST,KUPE-MANENGUBA,NGUTI,40546,35226,40584,46474,52516,38
SUD-OUEST,KUPE-MANENGUBA,NKONGSAMBA II,6168,10702,12321,14112,15941,1
SUD-OUEST,KUPE-MANENGUBA,NKONGSAMBA III,11800,20480,23576,27000,30504,8
SUD-OUEST,KUPE-MANENGUBA,TINTO,0,0,0,0,0,1
SUD-OUEST,KUPE-MANENGUBA,TOKO,1112,968,1112,1280,1440,8
SUD-OUEST,KUPE-MANENGUBA,TOMBEL,21304,18480,21272,24360,27512,8
SUD-OUEST,LEBIALEM,ALOU,53581,46486,53526,61303,69245,11
SUD-OUEST,LEBIALEM,BABADJOU,2400,2080,2394,2740,3096,2
SUD-OUEST,LEBIALEM,BALI,9075,7875,9070,10390,11735,5
SUD-OUEST,LEBIALEM,BATCHAM,979,848,975,1117,1261,1
SUD-OUEST,LEBIALEM,BATIBO,14994,13005,14967,17145,19368,9
SUD-OUEST,LEBIALEM,FONGO-TONGO,0,0,0,0,0,23
SUD-OUEST,LEBIALEM,MENJI,0,0,0,0,0,20
SUD-OUEST,LEBIALEM,NKONG-ZEM,0,0,0,0,0,2
SUD-OUEST,LEBIALEM,SANTA,6634,5756,6626,7588,8572,2
SUD-OUEST,LEBIALEM,TINTO,0,0,0,0,0,19
SUD-OUEST,LEBIALEM,WABANE,57050,49525,57000,65300,73775,25
SUD-OUEST,MANYU,AKWAYA,59122,51291,59081,67691,76465,41
SUD-OUEST,MANYU,EYUMODJOCK,46436,40280,46360,53086,60002,38
SUD-OUEST,MANYU,MAMFE,0,0,0,0,0,65
SUD-OUEST,MANYU,TINTO,0,0,0,0,0,18
SUD-OUEST,MANYU,TOKO,278,242,278,320,360,2
SUD-OUEST,MANYU,WIDIKUM-BOFFÃ©,0,0,0,0,0,3
SUD-OUEST,MEME,BAMUSSO,4424,3840,4420,5064,5720,4
SUD-OUEST,MEME,DIKOME-BALUE,0,0,0,0,0,21
SUD-OUEST,MEME,EKONDO-TITI,31776,27564,31734,36352,41066,11
SUD-OUEST,MEME,KONYE,31993,27738,31947,36593,42230,23
SUD-OUEST,MEME,KUMBA I,101730,176463,203169,232719,262854,30
SUD-OUEST,MEME,KUMBA II,88328,153265,176466,202112,235591,16
SUD-OUEST,MEME,KUMBA III,52832,91650,105534,120874,136539,13
SUD-OUEST,MEME,MBANGA,23226,20154,23202,26574,30018,6
SUD-OUEST,MEME,MBONGE,107342,93104,107186,122763,138692,20
SUD-OUEST,MEME,MOMBO,2754,2388,2748,3144,3552,6
SUD-OUEST,NDIAN,BAMUSSO,12166,10560,12155,13926,15730,11
SUD-OUEST,NDIAN,DIKOME-BALUE,0,0,0,0,0,12
SUD-OUEST,NDIAN,EKONDO-TITI,52629,45652,52559,60208,68016,18
SUD-OUEST,NDIAN,EYUMODJOCK,7332,6360,7320,8382,9474,6
SUD-OUEST,NDIAN,IDABATO,5187,4484,5149,5909,6688,19
SUD-OUEST,NDIAN,ISANGUELE,0,0,0,0,0,15
SUD-OUEST,NDIAN,KOMBO-ABEDIMO,0,0,0,0,0,14
SUD-OUEST,NDIAN,KOMBO-ITINDI,0,0,0,0,0,18
SUD-OUEST,NDIAN,KONYE,4173,3618,4167,4773,5391,3
SUD-OUEST,NDIAN,MUDEMBA,0,0,0,0,0,28
SUD-OUEST,NDIAN,TOKO,9174,7986,9174,10560,11971,66
